{
    "$schema": "https://schema.management.azure.com/schemas/2015-01-01/deploymentParameters.json#",
    "contentVersion": "1.0.0.0",
    "parameters": {
        "extensions_enablevmaccess_username": {
            "value": null
        },
        "extensions_enablevmaccess_password": {
            "value": null
        },
        "extensions_enablevmaccess_ssh_key": {
            "value": null
        },
        "extensions_enablevmaccess_reset_ssh": {
            "value": null
        },
        "extensions_enablevmaccess_remove_user": {
            "value": null
        },
        "extensions_enablevmaccess_expiration": {
            "value": null
        },
        "extensions_enablevmaccess_username_1": {
            "value": null
        },
        "extensions_enablevmaccess_password_1": {
            "value": null
        },
        "extensions_enablevmaccess_ssh_key_1": {
            "value": null
        },
        "extensions_enablevmaccess_reset_ssh_1": {
            "value": null
        },
        "extensions_enablevmaccess_remove_user_1": {
            "value": null
        },
        "extensions_enablevmaccess_expiration_1": {
            "value": null
        },
        "extensions_enablevmaccess_username_2": {
            "value": null
        },
        "extensions_enablevmaccess_password_2": {
            "value": null
        },
        "extensions_enablevmaccess_ssh_key_2": {
            "value": null
        },
        "extensions_enablevmaccess_reset_ssh_2": {
            "value": null
        },
        "extensions_enablevmaccess_remove_user_2": {
            "value": null
        },
        "extensions_enablevmaccess_expiration_2": {
            "value": null
        },
        "virtualMachines_Web1_name": {
            "value": null
        },
        "virtualMachines_Web2_name": {
            "value": null
        },
        "virtualMachines_Web3_name": {
            "value": null
        },
        "loadBalancers_RedTeam_LB_name": {
            "value": null
        },
        "networkInterfaces_web1482_name": {
            "value": null
        },
        "networkInterfaces_web2525_name": {
            "value": null
        },
        "networkInterfaces_web2608_name": {
            "value": null
        },
        "networkInterfaces_web3340_name": {
            "value": null
        },
        "networkInterfaces_web3736_name": {
            "value": null
        },
        "availabilitySets_RedTeamAG_name": {
            "value": null
        },
        "networkInterfaces_dvwa1969_name": {
            "value": null
        },
        "virtualNetworks_RedTeamNet_name": {
            "value": null
        },
        "publicIPAddresses_REd_Team_LB_name": {
            "value": null
        },
        "virtualNetworks_Red_Team_vnet_name": {
            "value": null
        },
        "networkSecurityGroups_DVWA1_nsg_name": {
            "value": null
        },
        "virtualMachines_JumpBoxProvioner_name": {
            "value": null
        },
        "networkSecurityGroups_RedTeam_SG_name": {
            "value": null
        },
        "networkInterfaces_jumpboxprovioner834_name": {
            "value": null
        },
        "publicIPAddresses_JumpBoxProvioner_ip_name": {
            "value": null
        },
        "networkInterfaces_jumpboxprovisoner261_name": {
            "value": null
        },
        "publicIPAddresses_JumpBoxProvisoner_ip_name": {
            "value": null
        },
        "disks_Web2_disk1_c0af22bab6694f74997645feb0c5211f_name": {
            "value": null
        },
        "disks_Web3_disk1_1352e4cc644e4187bb6b2c141ab2cc57_name": {
            "value": null
        },
        "disks_DVWA1_disk1_1e0ea6edf7cb41deaa9d8819ddeb57db_name": {
            "value": null
        },
        "disks_JumpBoxProvisoner_disk1_623b2873d4bb4dee85334dc061170fa2_name": {
            "value": null
        }
    }
}